<skins>
  <imgframe name="dlg_frame" owner="DUI-DEMO"   src="IDP_MAIN_DLG_FRAME" left="5" right="5" top="40" bottom="40"/>
  
	<imglst name="btncheckbox"         src="IDP_BTN_WND_CHECKBOX" subwidth="15"  />
	<imglst name="btnRadio"            src="IDP_BTN_WND_RADIO" subwidth="15"  />
  <imglst name="focuscheckbox" src="IDP_FOCUS_CHECK"/>
  <imglst name="focusRadio" src="IDP_FOCUS_RADIO"/>
  <scrollbar name="sb_common" src="IDP_SCROLL" thumbleft="3"/>

  <imglst name="btn_sys_close"    src="IDP_BTN_SYS_CLOSE" subwidth="38" />

  <button name="normalbtn" border="7D9EBC" bg="FBFCFD" bgup="FEFEFE"
    bgdown="C6E2FD" bguphover="FEFEFE" bgdownhover="DBEDFE"
    bguppush="C6E2FD" bgdownpush="FEFEFE"/>
  <imglst name="tabskin_default" src="IDP_TABSKIN" subwidth="94"/>

</skins>
