﻿<layer title="DUI-DEMO" width="600" height="400" appwin="1" ncRect="5,5,5,5"  resize="1" translucent="0"  nomaxsize="0">
	<body>
    <dlg name="maindlg" pos="0,0,-0,-0" class="cls_dlg_frame">
      <caption pos="0,0,-0,29">
        <text pos="11,9" class="cls_txt_red">DUI-Demo ver:%str1%</text>
        <imgbtn id="1" name="btn_close" skin="btn_sys_close" pos="-45,0" tip="close" animate="0"/>
      </caption>
      <tabctrl pos="5,29,-5,-5" id="2000" cursel="0" tabskin="tabskin_default" crtext="000000" align="top" tabwidth="94" tabheight="38" tabspacing="0" tabpos="10">
        <tab title="iectrl">
          <realwnd pos="0,0,-0,-0" name="IDC_IECTRL" wndclass="IECTRL" wndname="http://www.baidu.com"/>
        </tab>
        <tab title="foo">
          
        </tab>
      </tabctrl>
    </dlg>
	</body>
</layer>




