﻿<layer name="DUI-DEMO" title="DUI-DEMO ver:%str1%" width="600" height="400" appwin="1" ncRect="5,5,5,5"  resize="1" translucent="1"  nomaxsize="0">
	<body>
    <dlg id="100" pos="0,0,-0,-0" class="cls_dlg_frame">
      <caption id="101" pos="0,0,-0,29">
        <text pos="11,9" class="cls_txt_red">DUI-Demo ver:%str1%</text>
        <imgbtn id="1" skin="skin_sysbutton_close"    pos="-45,0" tip="close" animate="1"/>
        <imgbtn id="2" skin="skin_sysbutton_maximize"  pos="-83,0" animate="1" />
        <imgbtn id="3" name="按钮_恢复" skin="skin_sysbutton_restore"  pos="-83,0" show="0" animate="1" />
        <imgbtn id="5" name="btn_minimize" skin="skin_sysbutton_minimize" pos="-121,0" animate="1" />
      </caption>
      <tabctrl pos="5,29,-5,-5" id="2000" cursel="0" animatesteps="10" tabstop="0" inset="10,0,3,0">
        <tab id="110" title="listctrl">
          <listctrl name="lc_test" pos="10,0,-10,-10" itemHeight="20" headerHeight="30" sbskin="skin_lc_sb_vert" sbwid="8">
            <header itemSkin="skin_lc_hdr" align="left" itemSwapEnable="1" fixWidth="0" sortHeader="1">                                                                                                                                                      
            </header>
          </listctrl>
          <button name="btn_ani" pos="-100,0,-56,30" class="normalbtn" alpha="200" animate="1">ani list</button>
        </tab>
        <tab id="111" title="align">
          <include src="xml_page2"/>
        </tab>
        <tab id="113" title="miscellaneous" sep="5">
          <animateimg name="ani_test" pos="20,100" skin="skin_icons_large"/>
          <img id="1139" pos="300,200,400,300" skin="skin_icons_large" tip="img tip" msgtransparent="0"/>
          <check id="1300" pos="40,20" crtext="ff0000" state="4">test1</check>
          <check id="1301" pos="40,70" skin ="skin_checkbox" focusskin="skin_checkbox_focus" >test2</check>
          
          <dlg pos="0,90,-0,-0">
            <radio id="1303" pos="10,10">radio1</radio>
            <radio id="1304" pos="110,10">radio2</radio>
            <radio id="1305" pos="10,60">radio3</radio>
            <radio id="1306" pos="110,60">radio4</radio>
          </dlg>
          <link id="1380" pos="10,250" maxwidth="100" class="cls_btn_weblink" dotted="1" href="www.yy.com">link</link>
          <img skin="skin_icons_large" name="testimg" fun="test image remark"/>
          <button id="1360" class="normalbtn" pos="10,200,150,230" accel="ctrl+alt+num 8" animate="1">dui menu</button>
          <hotkey id="1340" pos="350,20,450,45" class="cls_edit"/>
          <hotkey name="ctrl_hk2" pos="460,20,560,45" class="cls_edit"/>
          <progress name="IDC_PROGTEST" pos="200,100,-10,115" bgskin="skin_progress_bg" posskin="skin_progress_fg" value="20" min="0" max="100" showpercent="1"/>
          <sliderbar name="IDC_SLIDERTEST" pos="%20.5,130" alpha="200" width="200" bgskin="skin_progress_bg" posskin="skin_progress_fg" thumbskin="skin_slider_thumb" value="20" min="0" max="100"/>
          <comboboxex show="1" id="1310" pos="100,40,300,64" dropdown="0" dropheight="250" class="cls_edit" font="8300" dotted="0" cursel="0" itempanel="1"  id_text="1" id_icon="2">
            <liststyle  class="cls_edit" crbg="FF0000" itemheight="50">
              <template skin="skin_webbtn_forward">
                <text id="1" pos="5,2" crtext="ff0000"/>
                <button id="3" pos="0,20,100,40" class="normalbtn" tip="delete cur item">delete</button>
                <link id="4" pos="100,5" maxwidth="50" class="cls_btn_weblink" dotted="1" href="www.yy.com">link test</link>
                <img id="2" pos="150,2" skin="skin_icons_large" msgtransparent="0"/>
             </template>
            </liststyle>
            <editstyle crtext="000000" align="left" x-margin="0" y-margin="0"/>
            <items>
              <item text="combobox.item1" icon="1" data="100"/>
              <item text="combobox.item2" icon="2" data="100"/>
              <item text="combobox.item3" icon="3" data="103"/>
              <item text="combobox.item4" icon="4" data="100"/>
              <item text="combobox.item5" icon="5" data="105"/>
              <item text="combobox.item6" icon="6" data="100"/>
            </items>
          </comboboxex>
	        <combobox name="IDC_CB_TEST" pos="100,70,300,94" dropdown="1" dropheight="250" class="cls_edit" dotted="0" animtime="200">
            <liststyle class="cls_edit"  iconskin="skin_combo_icons" itemheight="30" crtext="000000" crseltext="FFFFFF" critembg="FFFFFF" critemselbg="000088"/>
            <editstyle inset="5,0,5,0" crtext="000000" align="left" crbg="FFFFFF"/>
            <items>
             <item text="combobox.item1" icon="1" data="100"/>
              <item text="combobox.item2" icon="2" data="100"/>
              <item text="combobox.item3" icon="3" data="103"/>
              <item text="combobox.item4" icon="4" data="100"/>
              <item text="combobox.item5" icon="5" data="105"/>
              <item text="combobox.item6" icon="0" data="100"/>                          
            </items>
          </combobox>
          
          <button name="btn_tstevt" pos="300,300,400,330" skin="skin_pushbutton">test event</button>
<!--           <realwnd name="realwnd_edit1" id="1309" wndclass="edit" pos="-200,50,-110,80" rem="半透明窗口时不能使用realwnd，除了窗口不能显示外，还会干扰宿主窗口的timer消息"/> -->
        </tab>
        <tab id="114" title="richedit">
          <animateimg name="ani_test2" pos="20,100" skin="skin_icons_large"/>
          <richedit id="1140" name="edit_1140" show="1" number="0" enabledragdrop="1" autowordsel="1" class="cls_edit" font="0004:隶书" inset="30,0,0,0" wordwrap="1"  pos="10,10,-10,|0" multilines="1" wantreturn="1" vscrollbar="1" autovscroll="1" crtext="ff0000" align="left" hscrollbar="1" autohscroll="1" transparent="1">richedit test 2012 中文字体</richedit>
          <check id="1142" pos="10,|10">check 1</check>
          <check id="1143" pos="100,|10">check 2</check>
          <button name="IDC_REPSEL"  pos="200,|10,300,|35" skin="skin_flatbutton">repsel</button>
          <dateedit pos="10,-50,100,-10" name="de_test"/>
          <header pos="10,-90,-100,-60" name="hd_test" itemSkin="skin_lc_hdr" align="left" itemSwapEnable="0" fixWidth="1" sortHeader="0">
            <items>
              <item width="60">col 1</item>
              <item width="50">col 2</item>
              <item width="70">col 3</item>
              <item width="30">col 4</item>
            </items>
          </header>
        </tab>
        <tab id="115" title="scrollview">
          <scrollview id="1150" pos="10,0,-10,-10" viewwid="900" viewhei="5000" sbskin="skin_sb_normal">
            <button class="normalbtn" id="11501" tip="tip test" pos="20,50,200,80">test</button>
            <edit pos="50,100,150,150">scroll edit</edit>
          </scrollview>
        </tab>
        <tab id="116" title="attribute">
          <button class="normalbtn" tabstop="1"  name="测试" font2="bold:1;italic:1;underline:1;adding:15;facename:隶书" pos="20,50,200,80">reposition测试</button>
          <comboboxex show="1" pos="100,140,300,164" dropdown="0" dropheight="250" class="cls_edit" font="8300" dotted="0" cursel="0" id_text="1" id_icon="2">
            <liststyle  class="cls_edit" crbg="FF0000" itemheight="50" >
              <template skin="skin_webbtn_forward">
                <text id="1" pos="5,2" crtext="ff0000"/>
                <button id="3" pos="0,20,100,40" class="normalbtn" tip="delete cur item">delete</button>
                <link id="4" pos="100,5" maxwidth="50" class="cls_btn_weblink" dotted="1" href="www.yy.com">link test</link>
                <img id="2" pos="150,2" skin="skin_icons_large" msgtransparent="0"/>
              </template>
            </liststyle>
            <editstyle crtext="000000" align="left" x-margin="0" y-margin="0"/>
            <items>
              <item text="combobox.item1" icon="1" data="100"/>
              <item text="combobox.item2" icon="2" data="100"/>
              <item text="combobox.item3" icon="3" data="103"/>
              <item text="combobox.item4" icon="4" data="100"/>
              <item text="combobox.item5" icon="5" data="105"/>
              <item text="combobox.item6" icon="6" data="100"/>
            </items>
          </comboboxex>       
        </tab>
        <tab id="117" title="duilistbox">
          <text pos="10,0">一般列表</text>
          <listboxex name="mylist" pos="10,30,|-5,-10" itemheight="30" crbg="ff0000" itemskin="skin_webbtn_forward">
            <items>
              <item>
                <text pos="10,5" crtext="ff0000">red test</text>
                <edit>normal text</edit>
                <button class="normalbtn" id="20" pos="200,3,-10,-3" tip="list item tip" animate="1">button</button>
              </item>
              <item>
                <text pos="10,5" crtext="ff0000">red test</text>
                <text>normal text</text>
                <button class="normalbtn" id="21" pos="200,3,-10,-3"  tip="list item tip2">button</button>
              </item>
              <item>
                <text pos="10,5" crtext="ffF000">redxxx test</text>
                <edit>normal text</edit>
                <scrollbar pos="200,3,-10,-3" vertical="0" skin="sb_common" min="0" max="100" page="10" value="5"/>
                <button class="normalbtn" pos="200,3,-10,-3">button</button>
              </item>
              <item>
                <text pos="10,5" crtext="ff0000">red test</text>
                <text>normal text</text>
                <button class="normalbtn" pos="200,3,-10,-3">button</button>
              </item>
              <item>
                <text pos="10,5" crtext="ff0000">red test</text>
                <text>normal text</text>
                <button class="normalbtn" pos="200,3,-10,-3">button</button>
              </item>
              <item>
                <text pos="10,5" crtext="ff0000">red test</text>
                <text>normal text</text>
                <button class="normalbtn" pos="200,3,-10,-3">button</button>
              </item>
              <item>
                <text pos="10,5" crtext="ff0000">red test</text>
                <text>normal text</text>
                <button class="normalbtn" pos="200,3,-10,-3">button</button>
              </item>
              <item>
                <text pos="10,5" crtext="ff0000">red test</text>
                <text>normal text</text>
                <button class="normalbtn" pos="200,3,-10,-3">button</button>
              </item>
            </items>
          </listboxex>
          <text pos="|10,0">虚拟列表</text>
          <!--listboxex name="mylist2" pos="|5,30,-10,-10" itemheight="30" class="cls_edit" virtual="1">
            <template skin="skin_webbtn_forward">
              <text pos="10,5" crtext="ff0000">red test</text>
              <text name="idx"></text>
              <button class="normalbtn" pos="110,3,-10,-3">button</button>
              <link id="4" pos="0,0" maxwidth="50" class="cls_btn_weblink" dotted="1" href="www.yy.com">link test</link>
            </template>
          </listboxex-->

        </tab>
        <tab id="118" title="duitreebox">
          <treebox pos="10,0,-10,-10" name="mytree" itemhei="30" critembg="FFFFFF" critemselbg="000088" indent="10">
            <item>
              <text pos="10,0,100,-0" valign="middle" align="center" crtext="ff0000">red test</text>
              <text>normal text</text>
              <edit pos="[5,0,]-5,20">test edit</edit>
              <button class="normalbtn" pos="300,3,-10,-3">button</button>
              <item>
                <text pos="10,5" crtext="ff0000">red test</text>
                <text>normal text</text>
                <button class="normalbtn" pos="300,3,-10,-3">button</button>
              </item>
              <item>
                <text pos="10,5" crtext="ff0000">red test</text>
                <text>normal text</text>
                <button class="normalbtn" pos="300,3,-10,-3">button</button>
                <item>
                  <text pos="10,5" crtext="ff0000">red test</text>
                  <text>normal text</text>
                  <button class="normalbtn" pos="300,3,-10,-3">button</button>
                  <item>
                    <text pos="10,5" crtext="ff0000">red test</text>
                    <text>normal text</text>
                    <button class="normalbtn" pos="300,3,-10,-3">button</button>
                  </item>
                </item>
              </item>
              <item>
                <text pos="10,5" crtext="ff0000">red test</text>
                <text>normal text</text>
                <button class="normalbtn" pos="300,3,-10,-3">button</button>
              </item>
            </item>
          </treebox>
        </tab>
        <tab id="119" title="duitreectrl">
     			<treectrl pos="10,0,-10,-10"  name="mytree1" itemhei="30" iconskin="skin_tree_icons" checkbox="1">
					<item text="组织机构" img="0" selimg="1">
						<item text="市场部" img="0" selimg="1">
							<item text="南一区" img="2"/>
							<item text="北二区" img="2"/>
							<item text="西三区" img="2">
								<item text="第一分队" img="0" selimg="1">
									<item text="张三组" img="2"/>
									<item text="李四组" img="2"/>
									<item text="王五组" img="2"/>
								</item>
							</item>
					  </item>
						<item text="宣传部" img="0" selimg="1">
							<item text="南一区" img="2"/>
							<item text="北二区" img="2"/>
							<item text="西三区" img="2"/>
						</item>				
 					</item>
		  		</treectrl> 	
        </tab>        
        <tab id="120" title="splitwnd">
          <splitrow id="1180" pos="10,0,-10,-10" skinsep="skin_seperator_horz" sepsize="6">
            <pane idealsize="250" minsize="30" priority="0">
<!--              <flash pos="0,0,-0,-0" name="ctrl_flash" url="http://swf.sc.chinaz.com//Files/DownLoad/flash2/201401/flash2524.swf" delayinit="1"/>
 -->             <flash pos="0,0,-0,-0" name="ctrl_flash" url="file:///./flash2524.swf" delayinit="1"/>
              <text pos="|-50,|-20">pane1 priority=2</text>
            </pane>
            <pane idealsize="400" minsize="30" priority="1">
              <splitcol id="1180" pos="0,0,-0,-0" skinsep="skin_seperator_vert" sepsize="6">
                <pane idealsize="200" minsize="30" priority="0" crbg="000088">
<!--                   <mediaplayer pos="0,0,-0,-0" name="ctrl_media" url="E:\DUI.WORK\x-framework\bin\fullscreen.wmv" delayinit="1"/> -->
                  <text pos="|-50,|-20">pane2.1 priority=0</text>
                </pane>
                <pane idealsize="400" minsize="30" priority="1" crbg="008800">
<!--                   <text pos="|-50,|-20">pane2.2 priority=1</text> -->
                  <calendar pos="0,0,-0,-0" name="mp_test" daySkin="skin_calendarbutton" footerHeight="30">
                    <text name="label_today" pos="10,-20"/>
                    <imgbtn name="btn_today" pos="-50,-25,-5,-0" skin="skin_calendarbutton"/>
                  </calendar>
                </pane>
              </splitcol>
            </pane>
          </splitrow>
        </tab>
      </tabctrl>

<!--       <img pos="100,100" skin="bmpmask"/> -->
<!--       <icon pos="100,120" src="500" size="16"/> -->
    </dlg>
	</body>
</layer>




