﻿<dlg pos="50,0,-0,-0">
  <text pos="100,10" pos2type="center">center align1</text>
  <text pos="100,30" pos2type="center">center align align</text>
  <text pos="200,50" pos2type="righttop">align right top</text>
  <text pos="200,70" pos2type="righttop">align right top 2</text>
  <check pos="200,90" pos2type="righttop">check right top</check>
  <check pos="200,110" pos2type="righttop">check right top1235</check>

  <text pos="200,130" class="cls_txt_red">text left top</text>
  <text pos="0,10,100,80" multilines="1">line1\nline2</text>
  <button pos="100,150,@200,@30">button 1 using @</button>
  <button pos="100,200" width="200" height="30">button 1 using width</button>
</dlg>