﻿<layer title="DUI-DEMO" width="600" height="400" appwin="1" ncRect="5,5,5,5"  resize="1" translucent="0"  nomaxsize="0">
	<body>
    <dlg name="maindlg" pos="0,0,-0,-0" class="cls_dlg_frame" crtext="000000">
      <caption pos="0,0,-0,29">
        <text pos="11,9" class="cls_txt_red">%str1% ver:%str2%</text>
        <imgbtn id="1" name="btn_close" skin="btn_sys_close" pos="-45,0" tip="close" animate="0"/>
      </caption>
      <dlg pos="5,29,-5,-5">
        <edit class="cls_border" pos="0,0,-100,30" name="edit_url">http://www.baidu.com</edit>/>
        <button pos="-90,0,-0,30" name="btn_go" class="normalbtn">go</button>
        <browser pos="0,35,-0,-0" name="ctrl_ie" url="http://www.baidu.com"/>
      </dlg>
    </dlg>
	</body>
</layer>
