<name2id name="maindlg" id="65536" />
<name2id name="btn_close" id="1" />
<name2id name="grp_animode" id="65537" />
<name2id name="ani_slide" id="65538" />
<name2id name="ani_center" id="65539" />
<name2id name="ani_blend" id="65540" />
<name2id name="grp_hor_mode" id="65541" />
<name2id name="slide_hor_nagetive" id="65542" />
<name2id name="slide_hor_positive" id="65543" />
<name2id name="grp_ver_mode" id="65544" />
<name2id name="slide_ver_nagetive" id="65545" />
<name2id name="slide_ver_positive" id="65546" />
<name2id name="img_tst" id="65547" />
<name2id name="btn_ani" id="65548" />
