﻿<?xml version="1.0" encoding="utf-8"?>
<!--XML 资源，id_name and id:将写入到resource.h中的define,type and file :将写入到rc2的资源定义,layer:窗口定义XML，resbuilder使用它来自动为对应的XML生成控件ID-->
<resid type="XML" name="xml_skin" file="layout\def_skin.xml"/>
<resid type="XML" name="xml_style" file="layout\def_style.xml" />
<resid type="XML" name="xml_string" file="layout\def_string.xml" />
<resid type="XML" name="xml_defattr" file="layout\def_objattr.xml" />
<resid type="XML" name="xml_dlg_main" layer="1" file="layout\dlg_main.xml"  />

<resid type="IMGX" name="IDP_MAIN_DLG_FRAME"  file="skins\dlg_bg_frame.png"  />

<resid type="IMGX" name="IDP_BTN_SYS_CLOSE"  file="skins\btn_sys_close.png"    />

<resid type="IMGX" name="IDP_TAB_COMMON"   file="skins\tab_common.png" />
<resid type="IMGX" name="IDP_SCROLL"   file="skins\scrollbar.png" />
<resid type="IMGX" name="IDP_EDIT_BORDER"   file="skins\img_edit_border.png" />
