﻿<?xml version="1.0" encoding="utf-8"?>
<!--XML 资源，id_name and id:将写入到resource.h中的define,type and file :将写入到rc2的资源定义,layer:窗口定义XML，resbuilder使用它来自动为对应的XML生成控件ID-->
<resid type="XML" name="xml_skin" file="xml\def_skin.xml"/>
<resid type="XML" name="xml_style" file="xml\def_style.xml" />
<resid type="XML" name="xml_string" file="xml\def_string.xml" />
<resid type="XML" name="xml_defattr" file="xml\def_objattr.xml" />
<resid type="XML" name="xml_dlg_main" layer="1" file="xml\dlg_main.xml"  />

<resid type="IMGX" name="IDP_DLG_BG_FRAME"  file="image\dlg_bg_frame.png"  />

<resid type="IMGX" name="IDP_SYSBUTTON_CLOSE"  file="image\sysbutton_close.png"    />

<resid type="IMGX" name="IDP_TAB_COMMON"   file="image\tab_common.png" />
<resid type="IMGX" name="IDP_SCROLL"   file="image\scrollbar.png" />
<resid type="IMGX" name="IDP_EDIT_BORDER"   file="image\edit_border.png" />
